LabelName,Comment,Notes,IsRecordLabel,RetentionAction,RetentionDuration,RetentionType,ReviewerEmail,ReferenceId,DepartmentName,Category,SubCategory,AuthorityType,CitationName,CitationUrl,CitationJurisdiction,Regulatory,EventType,IsRecordUnlockedAsDefault,ComplianceTagForNextStage
HR - Personnel Files - 10yr Post-Modification,Personnel file record class - see design.md row 1,This item is a personnel record and is retained for 10 years,TRUE,KeepAndDelete,3653,ModificationAgeInDays,hr-records@contoso.com,HR-001,Human Resources,Personnel Records,Employee Files,Regulatory,Fair Labor Standards Act (FLSA) recordkeeping requirements,https://www.dol.gov/agencies/whd/flsa,U.S. Department of Labor,FALSE,,FALSE,
Finance - Accounts Payable Ledger - 7yr,Financial books-and-records class,This item is a financial record retained for 7 years,TRUE,Keep,2555,CreationAgeInDays,,FIN-001,Finance,Accounts Payable,,Regulatory,Sarbanes-Oxley Act of 2002,https://www.congress.gov/107/plaws/publ204/PLAW-107publ204.pdf,U.S. Securities and Exchange Commission (SEC),FALSE,,FALSE,
Finance - Corporate Tax Filings - 7yr,Tax records class,This item is a tax record retained for 7 years,TRUE,KeepAndDelete,2555,CreationAgeInDays,finance-records@contoso.com,FIN-002,Finance,Tax,Corporate Tax,Regulatory,Internal Revenue Code Section 6001,https://www.irs.gov/irm/part4/irm_04-010-002,U.S. Internal Revenue Service (IRS),FALSE,,FALSE,
Legal - Executed Contracts - 7yr Post-Signature,Contract records class (creation-age variant - the event-anchored variant is the sibling records-disposition scenario),This item is a contract record retained for 7 years,TRUE,Keep,2555,CreationAgeInDays,,LEGAL-001,Legal,Contracts,Executed Agreements,Business,,,,FALSE,,FALSE,
Legal - Active Litigation Holds - Keep Indefinitely,Litigation-hold record class - no disposal until outside counsel releases the matter,This item is retained indefinitely pending litigation,TRUE,Keep,Unlimited,ModificationAgeInDays,,LEGAL-002,Legal,Litigation,,Business,,,,FALSE,,FALSE,
IT - Security Incident Records - 3yr,Security operations record class,This item is retained for 3 years for incident post-mortems,FALSE,Keep,1095,CreationAgeInDays,,IT-001,Information Technology,Security,Incident Response,Internal Policy,,,,FALSE,,FALSE,
IT - Access Control Change Logs - 1yr,Non-record operational retention (not a declared record),This item is deleted automatically after 1 year,FALSE,Delete,365,ModificationAgeInDays,,IT-002,Information Technology,Access Management,,Internal Policy,,,,FALSE,,FALSE,
Sales - Signed Customer Order Forms - 6yr,Contract-adjacent commercial record class,This item is a sales record retained for 6 years,TRUE,Keep,2190,CreationAgeInDays,,SALES-001,Sales,Customer Contracts,,Business,,,,FALSE,,FALSE,
Marketing - Campaign Creative Assets - 2yr,Non-record marketing collateral,This item is deleted automatically after 2 years,FALSE,Delete,730,CreationAgeInDays,,MKT-001,Marketing,Campaign Assets,,Internal Policy,,,,FALSE,,FALSE,
Compliance - Regulatory Correspondence - 10yr Review,Regulator correspondence record class - disposition reviewed,This item is reviewed before disposal after 10 years,TRUE,KeepAndDelete,3653,CreationAgeInDays,compliance-records@contoso.com,COMP-001,Compliance,Regulatory Correspondence,,Regulatory,,,,FALSE,,FALSE,
